{
    "items": ["cpp", "cpp测试", "cpptest"],
    "cpp": [
      {
        "title": "从此以后，我不再为你难过",
        "ans": "看着爱情的浪漫，再也没有方向，忘记曾经许下的愿望，可是谁又了解时过境迁"
      },
      {
        "title": "除了伤口没留下什么",
        "ans": "看着爱情的浪漫，再也没有方向，忘记曾经许下的愿望，可是谁又了解时过境迁"
      }
    ],
    "cpp测试": [
      {
        "title": "不要在我的寂寞的时候说爱我",
        "ans": "看着爱情的浪漫，再也没有方向，忘记曾经许下的愿望，可是谁又了解时过境迁"
      },
      {
        "title": "真的爱你",
        "ans": "看着爱情的浪漫，再也没有方向，忘记曾经许下的愿望，可是谁又了解时过境迁"
      }
    ],
    "cpptest": [
      {
        "title": "我是真的爱你啊",
        "ans": "看着爱情的浪漫，再也没有方向，忘记曾经许下的愿望，可是谁又了解时过境迁"
      },
      {
        "title": "除了自己",
        "ans": "是你多么的目光"
      }
    ]
  }
  