{
  "tiku": [
    {
      "title": "pypypypystest the ti mu of 1 ",
      "ans": 1,
      "choose": ["12321321", "321312", "3213123", "23121312"]
    },
    {
      "title": "2313123",
      "ans": 1,
      "choose": ["3213213", "3213123", "32131", "321312"]
    },
    {
      "title": "12321312",
      "ans": 1,
      "choose": ["32131", "3213213", "31231321", "3213"]
    },
    {
      "title": "213123",
      "ans": 1,
      "choose": ["213143", "43545", "5435", "454353"]
    },
    {
      "title": "435345",
      "ans": 1,
      "choose": ["543534", "435345", "6757", "435345"]
    }
  ]
}
